{
  "weight": 80,
  "density": 0.3,
  "max_height": 40,
  "min_height": 10,
  "dimension_filter": ["dimension_id:"],
  "generator": {
    "type": "ellipsoid",
    "radius": [16, 17]
  },
  "filler": {
    "type": "simple",
    "value": {
      "type": "weight_random",
      "values": [
        {
          "weight": 30,
          "value": "ore:amethyst"
        },
        {
          "weight": 30,
          "value": "ore:tanzanite"
        },
		{
          "weight": 20,
          "value": "ore:andradite"
        },
    {
          "weight": 20,
          "value": "ore:opal"
        }
      ]
    }
  }
}