{
  "weight": 80,
  "density": 0.5,
  "min_height": 20,
  "max_height": 85,
  "dimension_filter": ["dimension_id:"],
  "generator": {
    "type": "ellipsoid",
    "radius": [13, 13]
  },
  "filler": {
    "type": "simple",
    "value": {
      "type": "weight_random",
      "values": [
        {
          "weight": 70,
          "value": "ore:apatite"
        },
        {
          "weight": 15,
          "value": "ore:phosphor"
        },
        {
          "weight": 15,
          "value": "ore:monazite"
        }
      ]
    }
  }
}