{
  "weight": 65,
  "density": 0.3,
  "max_height": 40,
  "dimension_filter": ["dimension_id:"],
  "generator": {
    "type": "ellipsoid",
    "radius": [13, 13]
  },
  "filler": {
    "type": "simple",
    "value": {
      "type": "weight_random",
      "values": [
        {
          "weight": 80,
          "value": "ore:beryllium"
        },
        {
          "weight": 10,
          "value": "ore:emerald"
        },
		    {
          "weight": 10,
          "value": "ore:thorium"
        }
      ]
    }
  }
}