{
  "weight": 150,
  "density": 0.4,
  "min_height": 50,
  "dimension_filter": ["dimension_id:"],
  "generator": {
    "type": "ellipsoid",
    "radius": [17, 19]
  },
  "filler": {
    "type": "simple",
    "value": {
      "type": "weight_random",
      "values": [
        {
          "weight": 30,
          "value": "ore:bornite"
        },
		{
          "weight": 30,
          "value": "ore:chalcocite"
        },
		{
          "weight": 30,
          "value": "ore:enargite"
        },
		{
          "weight": 30,
          "value": "ore:malachite"
        }
      ]
    }
  }
}