{
  "weight": 150,
  "density": 0.4,
  "min_height": 40,
  "dimension_filter": ["dimension_id:"],
  "generator": {
    "type": "ellipsoid",
    "radius": [17, 19]
  },
  "filler": {
    "type": "simple",
    "value": {
      "type": "weight_random",
      "values": [
        {
          "weight": 60,
          "value": "ore:chalcopyrite"
        },
		{
          "weight": 30,
          "value": "ore:vermiculite"
        },
		{
          "weight": 10,
          "value": "ore:pyrite"
        },
		{
          "weight": 10,
          "value": "ore:alunite"
        }
      ]
    }
  }
}