{
  "weight": 75,
  "density": 0.6,
  "min_height": 80,
  "dimension_filter": ["dimension_id:"],
  "generator": {
    "type": "ellipsoid",
    "radius": [13, 13]
  },
  "filler": {
    "type": "simple",
    "value": {
      "type": "weight_random",
      "values": [
        {
          "weight": 30,
          "value": "ore:dolomite"
        },
        {
          "weight": 30,
          "value": "ore:wollastonite"
        },
        {
          "weight": 30,
          "value": "ore:gypsum"
        },
        {
          "weight": 10,
          "value": "ore:andradite"
        }
      ]
    }
  }
}