{
  "weight": 75,
  "density": 0.4,
  "max_height": 50,
  "min_height": 10,
  "dimension_filter": ["dimension_id:"],
  "generator": {
    "type": "ellipsoid",
    "radius": [16, 17]
  },
  "filler": {
    "type": "simple",
    "value": {
      "type": "weight_random",
      "values": [
        {
          "weight": 40,
          "value": "ore:garnet_yellow"
        },
        {
          "weight": 40,
          "value": "ore:garnet_red"
        },
		{
          "weight": 20,
          "value": "ore:garnet_sand"
        }
      ]
    }
  }
}