{
  "weight": 150,
  "density": 0.4,
  "min_height": 50,
  "dimension_filter": ["dimension_id:"],
  "generator": {
    "type": "ellipsoid",
    "radius": [13, 13]
  },
  "filler": {
    "type": "simple",
    "value": {
      "type": "weight_random",
      "values": [
		{
          "weight": 30,
          "value": "ore:brown_limonite"
        },
        {
          "weight": 30,
          "value": "ore:yellow_limonite"
        },
		{
          "weight": 10,
          "value": "ore:banded_iron"
        },
		{
          "weight": 30,
          "value": "ore:iron"
        }
      ]
    }
  }
}