{
  "weight": 130,
  "density": 0.5,
  "min_height": 45,
  "dimension_filter": ["dimension_id:"],
  "generator": {
    "type": "ellipsoid",
    "radius": [13, 13]
  },
  "filler": {
    "type": "simple",
    "value": {
      "type": "weight_random",
      "values": [
        {
          "weight": 40,
          "value": "ore:kaolinite"
        },
        {
          "weight": 40,
          "value": "ore:zeolite"
        },
        {
          "weight": 20,
          "value": "ore:fullers_earth"
        }
      ]
    }
  }
}