{
  "weight": 170,
  "density": 0.3,
  "min_height": 50,
  "dimension_filter": ["dimension_id:"],
  "generator": {
    "type": "ellipsoid",
    "radius": [19, 22]
  },
  "filler": {
    "type": "simple",
    "value": {
      "type": "weight_random",
      "values": [
        {
          "weight": 65,
          "value": "ore:magnetite"
        },
        {
          "weight": 20,
          "value": "ore:gold"
        },
		{
          "weight": 15,
          "value": "ore:vanadium_magnetite"
        }
      ]
    }
  }
}