{
  "weight": 85,
  "density": 0.5,
  "max_height": 40,
  "min_height": 5,
  "dimension_filter": ["dimension_id:"],
  "generator": {
    "type": "ellipsoid",
    "radius": [13, 13]
  },
  "filler": {
    "type": "simple",
    "value": {
      "type": "weight_random",
      "values": [
        {
          "weight": 40,
          "value": "ore:bastnasite"
        },
        {
          "weight": 20,
          "value": "ore:monazite"
        },
		    {
          "weight": 40,
          "value": "ore:neodymium"
        }
      ]
    }
  }
}