{
  "weight": 115,
  "density": 0.4,
  "max_height": 65,
  "min_height": 10,
  "dimension_filter": ["dimension_id:"],
  "generator": {
    "type": "ellipsoid",
    "radius": [13, 14]
  },
  "filler": {
    "type": "simple",
    "value": {
      "type": "weight_random",
      "values": [
        {
          "weight": 30,
          "value": "ore:garnierite"
        },
        {
          "weight": 50,
          "value": "ore:nickel"
        },
		{
          "weight": 20,
          "value": "ore:pentlandite"
        }
      ]
    }
  }
}