{
  "weight": 90,
  "density": 0.6,
  "max_height": 60,
  "min_height": 10,
  "dimension_filter": ["dimension_id:"],
  "generator": {
    "type": "ellipsoid",
    "radius": [13, 13]
  },
  "filler": {
    "type": "simple",
    "value": {
      "type": "weight_random",
      "values": [
        {
          "weight": 10,
          "value": "ore:prasiolite"
        },
        {
          "weight": 30,
          "value": "ore:bentonite"
        },
        {
          "weight": 30,
          "value": "ore:magnesite"
        },
        {
          "weight": 30,
          "value": "ore:olivine"
        }
      ]
    }
  }
}