{
  "weight": 85,
  "density": 0.5,
  "max_height": 50,
  "min_height": 10,
  "dimension_filter": ["dimension_id:"],
  "generator": {
    "type": "ellipsoid",
    "radius": [
      13,
      13
    ]
  },
  "filler": {
    "type": "simple",
    "value": {
      "type": "weight_random",
      "values": [
        {
          "weight": 20,
          "value": "ore:uranium_radioactive"
        },
        {
          "weight": 70,
          "value": "ore:uranium235"
        },
        {
          "weight": 20,
          "value": "ore:uranium"
        },
        {
          "weight": 30,
          "value": "ore:thorium"
        }
      ]
    }
  }
}