{
  "weight": 90,
  "density": 0.6,
  "max_height": 50,
  "min_height": 10,
  "dimension_filter": ["dimension_id:"],
  "generator": {
    "type": "ellipsoid",
    "radius": [13, 13]
  },
  "filler": {
    "type": "simple",
    "value": {
      "type": "weight_random",
      "values": [
		{
          "weight": 30,
          "value": "ore:platinum_metallic_powder"
        },
		{
          "weight": 30,
          "value": "ore:sheldonite"
        },
		{
          "weight": 40,
          "value": "ore:platinum"
        }
      ]
    }
  }
}