{
  "weight": 70,
  "density": 0.4,
  "max_height": 50,
  "min_height": 10,
  "dimension_filter": ["dimension_id:"],
  "generator": {
    "type": "ellipsoid",
    "radius": [13, 17]
  },
  "filler": {
    "type": "simple",
    "value": {
      "type": "weight_random",
      "values": [
        {
          "weight": 40,
          "value": "ore:quartzite"
        },
        {
          "weight": 10,
          "value": "ore:nether_quartz"
        },
        {
          "weight": 50,
          "value": "ore:certus_quartz"
        }
      ]
    }
  }
}