{
  "weight": 75,
  "density": 0.6,
  "max_height": 65,
  "min_height": 10,
  "dimension_filter": ["dimension_id:"],
  "generator": {
    "type": "ellipsoid",
    "radius": [13, 13]
  },
  "filler": {
    "type": "simple",
    "value": {
      "type": "weight_random",
      "values": [
        {
          "weight": 65,
          "value": "ore:ruby"
        },
	    	{
          "weight": 15,
          "value": "ore:cinnabar"
        },
		{
          "weight": 20,
          "value": "ore:redstone"
        }
      ]
    }
  }
}