{
  "weight": 60,
  "density": 0.7,
  "min_height": 40,
  "dimension_filter": ["dimension_id:"],
  "generator": {
    "type": "ellipsoid",
    "radius": [14, 17]
  },
  "filler": {
    "type": "simple",
    "value": {
      "type": "weight_random",
      "values": [
        {
          "weight": 55,
          "value": "ore:salt"
        },
        {
          "weight": 35,
          "value": "ore:rock_salt"
        },
		{
          "weight": 10,
          "value": "ore:spodumene"
        }
      ]
    }
  }
}