{
  "weight": 80,
  "density": 0.5,
  "min_height": 30,
  "dimension_filter": ["dimension_id:"],
  "generator": {
    "type": "ellipsoid",
    "radius": [14, 16]
  },
  "filler": {
    "type": "simple",
    "value": {
      "type": "weight_random",
      "values": [
        {
          "weight": 50,
          "value": "ore:soapstone"
        },
        {
          "weight": 25,
          "value": "ore:talc"
        },
		{
          "weight": 25,
          "value": "ore:glauconite"
        }
      ]
    }
  }
}