{
  "weight": 150,
  "density": 0.3,
  "max_height": 60,
  "min_height": 30,
  "dimension_filter": ["dimension_id:"],
  "generator": {
    "type": "ellipsoid",
    "radius": [17, 18]
  },
  "filler": {
    "type": "simple",
    "value": {
      "type": "weight_random",
      "values": [
        {
          "weight": 60,
          "value": "ore:tenorite"
        },
        {
          "weight": 20,
          "value": "ore:tennantite"
        },
        {
          "weight": 20,
          "value": "ore:cuprite"
        }
      ]
    }
  }
}