{
  "weight": 140,
  "density": 0.4,
  "max_height": 60,
  "min_height": 10,
  "dimension_filter": ["dimension_id:"],
  "generator": {
    "type": "ellipsoid",
    "radius": [15, 17]
  },
  "filler": {
    "type": "simple",
    "value": {
      "type": "weight_random",
      "values": [
        {
          "weight": 70,
          "value": "ore:rutile"
        },
        {
          "weight": 30,
          "value": "ore:ilmenite"
        },
        {
          "weight": 15,
          "value": "ore:bauxite"
        }
      ]
    }
  }
}