{
  "weight": 80,
  "density": 0.5,
  "max_height": 80,
  "min_height": 50,
  "dimension_filter": ["dimension_id:"],
  "generator": {
    "type": "ellipsoid",
    "radius": [15, 14]
  },
  "filler": {
    "type": "simple",
    "value": {
      "type": "weight_random",
      "values": [
        {
          "weight": 30,
          "value": "ore:basaltic_mineral_sand"
        },
        {
          "weight": 30,
          "value": "ore:granitic_mineral_sand"
        },
        {
          "weight": 20,
          "value": "ore:fullers_earth"
        },
        {
          "weight": 20,
          "value": "ore:sulfur"
        }
      ]
    }
  }
}